username,password,last login,status
john_doe,john123,2025-01-20 15:30,Online
jane_doe,jane123,2025-01-18 18:45,Online
manager2@manager.com,manager2,2025-01-21 09:10,Offline
admin2@admin.com,admin2,,Offline
user001,user001,2025-01-19 12:00,Online
ali_baba,ali2023,2025-01-20 08:00,Offline
supervisor1@company.com,supervisor1,2025-01-19 10:45,Online
sam_smith,sam2025,2025-01-19 14:15,Offline
lisa_ray,lisa123,2025-01-20 11:00,Online
kevin_lee,kevin2025,2025-01-18 17:30,Offline
test_user1,test1234,2025-01-20 19:25,Online
emma_watson,emma987,2025-01-21 07:00,Offline
guest01,guestpass,,Offline
alexander_h,alex123,2025-01-19 13:00,Online
chris_jones,chris567,2025-01-20 20:30,Offline
test_admin,testadmin,,Offline
raymond_c,raymond2023,2025-01-20 16:20,Online
susan_l,susan2025,2025-01-19 22:15,Offline
beta_user,beta123,,Offline
oscar_perez,oscar123,2025-01-19 09:00,Online
amelia_clark,amelia456,2025-01-21 08:30,Offline
new_user,new2025,,Offline
freelancer01,free2023,2025-01-20 14:50,Online
michael_scott,michael123,2025-01-19 18:10,Offline
dwight_schrute,beetfarmer,2025-01-21 06:45,Offline
angela_martin,angela123,2025-01-19 08:20,Online
ryan_howard,temp456,2025-01-20 18:40,Offline
kelly_kapoor,kelly789,2025-01-18 20:10,Online
stanley_hudson,pretzelday,2025-01-20 15:25,Offline
phyllis_vance,phyllis2025,,Offline
oscar_martinez,oscar2023,2025-01-20 21:30,Online
andy_bernard,andy2025,2025-01-21 11:00,Offline
erin_hannon,erin789,,Offline
pam_beesly,pam123,2025-01-20 13:15,Online
jim_halpert,jim2025,2025-01-19 11:00,Offline
creed_bratton,creed2025,,Offline
meredith_palmer,meredith123,2025-01-21 10:45,Offline
toby_flenderson,toby2025,2025-01-20 17:00,Online
holly_flax,holly456,2025-01-19 15:20,Offline
jan_levinson,jan2025,,Offline
